{"name":"6d95d83d-fea6-fb59-3f3d-f9967199bdac","id":"/providers/Microsoft.Flow/flows/6d95d83d-fea6-fb59-3f3d-f9967199bdac","type":"Microsoft.Flow/flows","properties":{"apiId":"/providers/Microsoft.PowerApps/apis/shared_logicflows","displayName":"Log","definition":{"metadata":{"workflowEntityId":"33da1063-b512-ec11-b6e6-00224867fb3b","processAdvisorMetadata":null,"flowclientsuspensionreason":"None","flowclientsuspensiontime":null,"creator":{"id":"da0e9c97-68b9-4bfd-92df-fcd204db19a2","type":"User","tenantId":"6ac40006-b6fe-4b12-951f-4825b5bb21d4"},"provisioningMethod":"FromDefinition","failureAlertSubscription":true,"clientLastModifiedTime":"2021-09-11T04:50:42.8055683Z"},"$schema":"https://schema.management.azure.com/providers/Microsoft.Logic/schemas/2016-06-01/workflowdefinition.json#","contentVersion":"1.0.0.0","parameters":{"$connections":{"defaultValue":{},"type":"Object"},"$authentication":{"defaultValue":{},"type":"SecureObject"}},"triggers":{"manual":{"type":"Request","kind":"PowerAppV2","inputs":{"schema":{"type":"object","properties":{"text":{"title":"DateTime","type":"string","x-ms-dynamically-added":true,"description":"日時を指定してください","x-ms-content-hint":"TEXT"},"text_1":{"title":"Level","type":"string","x-ms-dynamically-added":true,"description":"ログレベルを指定してください","x-ms-content-hint":"TEXT"},"text_2":{"title":"Message","type":"string","x-ms-dynamically-added":true,"description":"ログ内容を指定してください","x-ms-content-hint":"TEXT"},"text_3":{"title":"Solution","type":"string","x-ms-dynamically-added":true,"description":"ソリューションを指定してください","x-ms-content-hint":"TEXT"},"text_4":{"title":"App","type":"string","x-ms-dynamically-added":true,"description":"アプリを指定してください","x-ms-content-hint":"TEXT"},"text_5":{"title":"Function","type":"string","x-ms-dynamically-added":true,"description":"関数を指定してください","x-ms-content-hint":"TEXT"},"text_6":{"title":"Property","type":"string","x-ms-dynamically-added":true,"description":"プロパティを指定してください","x-ms-content-hint":"TEXT"},"text_7":{"title":"Line","type":"string","x-ms-dynamically-added":true,"description":"行数を指定してください","x-ms-content-hint":"TEXT"}},"required":["text","text_1","text_2","text_3","text_4","text_5","text_6","text_7"]}}}},"actions":{"マイ_プロフィールの取得_(V2)":{"runAfter":{},"type":"OpenApiConnection","inputs":{"host":{"apiId":"/providers/Microsoft.PowerApps/apis/shared_office365users","connectionName":"shared_office365users","operationId":"MyProfile_V2"},"parameters":{},"authentication":{"value":"@json(decodeBase64(triggerOutputs().headers['X-MS-APIM-Tokens']))['$ConnectionKey']","type":"Raw"}}},"新しい行を追加する":{"runAfter":{"変数を初期化する":["Succeeded"]},"type":"OpenApiConnection","inputs":{"host":{"apiId":"/providers/Microsoft.PowerApps/apis/shared_commondataserviceforapps","connectionName":"shared_commondataserviceforapps","operationId":"CreateRecord"},"parameters":{"entityName":"ya_logs","item/ya_datetime":"@formatDateTime(triggerBody()['text'])","item/ya_id":"@{outputs('マイ_プロフィールの取得_(V2)')?['body/userPrincipalName']} @{triggerBody()['text']} @{variables('GUID')}","item/ya_app":"@triggerBody()['text_4']","item/ya_function":"@triggerBody()['text_5']","item/ya_level":"@triggerBody()['text_1']","item/ya_line":"@triggerBody()['text_7']","item/ya_logid":"@variables('GUID')","item/ya_message":"@triggerBody()['text_2']","item/ya_property":"@triggerBody()['text_6']","item/ya_solution":"@triggerBody()['text_3']"},"authentication":"@parameters('$authentication')"}},"変数を初期化する":{"runAfter":{"マイ_プロフィールの取得_(V2)":["Succeeded"]},"type":"InitializeVariable","inputs":{"variables":[{"name":"GUID","type":"string","value":"@{guid()}"}]}}},"outputs":{}},"connectionReferences":{"shared_office365users":{"connectionName":"shared-office365user-23376d5d-6cbd-40f7-9aa9-f807-42cd9051","source":"Invoker","id":"/providers/Microsoft.PowerApps/apis/shared_office365users","tier":"NotSpecified"},"shared_commondataserviceforapps":{"connectionName":"shared-commondataser-546863e0-68ae-4b04-ba05-6a19-b4d42e47","source":"Embedded","id":"/providers/Microsoft.PowerApps/apis/shared_commondataserviceforapps","tier":"NotSpecified"}},"flowFailureAlertSubscribed":false}}