<ImportExportXml version="9.2.21092.142" SolutionPackageVersion="9.2" languagecode="1041" generatedBy="CrmLive" xmlns:xsi="http://www.w3.org/2001/XMLSchema-instance">
  <SolutionManifest>
    <UniqueName>App</UniqueName>
    <LocalizedNames>
      <LocalizedName description="App" languagecode="1041" />
    </LocalizedNames>
    <Descriptions />
    <Version>1.0.0.1</Version>
    <Managed>0</Managed>
    <Publisher>
      <UniqueName>YA</UniqueName>
      <LocalizedNames>
        <LocalizedName description="YA" languagecode="1041" />
      </LocalizedNames>
      <Descriptions>
        <Description description="YA" languagecode="1041" />
      </Descriptions>
      <EMailAddress xsi:nil="true"></EMailAddress>
      <SupportingWebsiteUrl xsi:nil="true"></SupportingWebsiteUrl>
      <CustomizationPrefix>ya</CustomizationPrefix>
      <CustomizationOptionValuePrefix>10000</CustomizationOptionValuePrefix>
      <Addresses>
        <Address>
          <AddressNumber>1</AddressNumber>
          <AddressTypeCode>1</AddressTypeCode>
          <City xsi:nil="true"></City>
          <County xsi:nil="true"></County>
          <Country xsi:nil="true"></Country>
          <Fax xsi:nil="true"></Fax>
          <FreightTermsCode xsi:nil="true"></FreightTermsCode>
          <ImportSequenceNumber xsi:nil="true"></ImportSequenceNumber>
          <Latitude xsi:nil="true"></Latitude>
          <Line1 xsi:nil="true"></Line1>
          <Line2 xsi:nil="true"></Line2>
          <Line3 xsi:nil="true"></Line3>
          <Longitude xsi:nil="true"></Longitude>
          <Name xsi:nil="true"></Name>
          <PostalCode xsi:nil="true"></PostalCode>
          <PostOfficeBox xsi:nil="true"></PostOfficeBox>
          <PrimaryContactName xsi:nil="true"></PrimaryContactName>
          <ShippingMethodCode>1</ShippingMethodCode>
          <StateOrProvince xsi:nil="true"></StateOrProvince>
          <Telephone1 xsi:nil="true"></Telephone1>
          <Telephone2 xsi:nil="true"></Telephone2>
          <Telephone3 xsi:nil="true"></Telephone3>
          <TimeZoneRuleVersionNumber xsi:nil="true"></TimeZoneRuleVersionNumber>
          <UPSZone xsi:nil="true"></UPSZone>
          <UTCOffset xsi:nil="true"></UTCOffset>
          <UTCConversionTimeZoneCode xsi:nil="true"></UTCConversionTimeZoneCode>
        </Address>
        <Address>
          <AddressNumber>2</AddressNumber>
          <AddressTypeCode>1</AddressTypeCode>
          <City xsi:nil="true"></City>
          <County xsi:nil="true"></County>
          <Country xsi:nil="true"></Country>
          <Fax xsi:nil="true"></Fax>
          <FreightTermsCode xsi:nil="true"></FreightTermsCode>
          <ImportSequenceNumber xsi:nil="true"></ImportSequenceNumber>
          <Latitude xsi:nil="true"></Latitude>
          <Line1 xsi:nil="true"></Line1>
          <Line2 xsi:nil="true"></Line2>
          <Line3 xsi:nil="true"></Line3>
          <Longitude xsi:nil="true"></Longitude>
          <Name xsi:nil="true"></Name>
          <PostalCode xsi:nil="true"></PostalCode>
          <PostOfficeBox xsi:nil="true"></PostOfficeBox>
          <PrimaryContactName xsi:nil="true"></PrimaryContactName>
          <ShippingMethodCode>1</ShippingMethodCode>
          <StateOrProvince xsi:nil="true"></StateOrProvince>
          <Telephone1 xsi:nil="true"></Telephone1>
          <Telephone2 xsi:nil="true"></Telephone2>
          <Telephone3 xsi:nil="true"></Telephone3>
          <TimeZoneRuleVersionNumber xsi:nil="true"></TimeZoneRuleVersionNumber>
          <UPSZone xsi:nil="true"></UPSZone>
          <UTCOffset xsi:nil="true"></UTCOffset>
          <UTCConversionTimeZoneCode xsi:nil="true"></UTCConversionTimeZoneCode>
        </Address>
      </Addresses>
    </Publisher>
    <RootComponents>
      <RootComponent type="1" schemaName="ya_log" behavior="0" />
      <RootComponent type="1" schemaName="ya_loglevel" behavior="0" />
      <RootComponent type="1" schemaName="ya_preference" behavior="0" />
      <RootComponent type="1" schemaName="ya_preferencetype" behavior="0" />
      <RootComponent type="1" schemaName="ya_resource" behavior="0" />
      <RootComponent type="1" schemaName="ya_string" behavior="0" />
      <RootComponent type="29" id="{01d4564b-4c12-ec11-b6e6-00224867fb3b}" behavior="0" />
      <RootComponent type="29" id="{33da1063-b512-ec11-b6e6-00224867fb3b}" behavior="0" />
      <RootComponent type="29" id="{74e61a42-2023-ec11-b6e6-000d3acf88ef}" behavior="0" />
      <RootComponent type="29" id="{cfce9607-4e12-ec11-b6e6-00224867fb3b}" behavior="0" />
      <RootComponent type="300" schemaName="ya_kakehashi_27455" behavior="0" />
      <RootComponent type="300" schemaName="ya_myapp_36072" behavior="0" />
      <RootComponent type="300" schemaName="ya_mycomponentlibrary_b1019" behavior="0" />
      <RootComponent type="300" schemaName="ya_preferenceapp_4b3cc" behavior="0" />
      <RootComponent type="300" schemaName="ya_resourceuploader_364df" behavior="0" />
    </RootComponents>
    <MissingDependencies>
      <MissingDependency>
        <Required type="connectionreference" displayName="ya_sharedcommondataserviceforapps_be81b" solution="Active" id.connectionreferencelogicalname="ya_sharedcommondataserviceforapps_be81b" />
        <Dependent type="29" displayName="Log" id="{33da1063-b512-ec11-b6e6-00224867fb3b}" />
      </MissingDependency>
      <MissingDependency>
        <Required type="connectionreference" displayName="ya_sharedcommondataserviceforapps_be81b" solution="Active" id.connectionreferencelogicalname="ya_sharedcommondataserviceforapps_be81b" />
        <Dependent type="29" displayName="LoadDefaultPreferences" id="{74e61a42-2023-ec11-b6e6-000d3acf88ef}" />
      </MissingDependency>
      <MissingDependency>
        <Required type="connectionreference" displayName="ya_sharedoffice365users_30dcf" solution="Active" id.connectionreferencelogicalname="ya_sharedoffice365users_30dcf" />
        <Dependent type="29" displayName="Log" id="{33da1063-b512-ec11-b6e6-00224867fb3b}" />
      </MissingDependency>
    </MissingDependencies>
  </SolutionManifest>
</ImportExportXml>