{"schemaVersion":"1.0","appDefinitionTemplate":{"id":"/providers/Microsoft.PowerApps/apps/","type":"Microsoft.PowerApps/apps","tags":{"primaryDeviceWidth":"1366","primaryDeviceHeight":"768","sienaVersion":"20210913T122056Z-3.21085.24.0","deviceCapabilities":"","supportsPortrait":"true","supportsLandscape":"true","primaryFormFactor":"Tablet","publisherVersion":"3.21085.24","minimumRequiredApiVersion":"2.2.0","hasComponent":"true","hasUnlockedComponent":"true","isUnifiedRootApp":"false"},"properties":{"appVersion":"2021-09-13T12:20:56Z","lifeCycleId":"Published","createdByClientVersion":{"major":3,"minor":21085,"build":24,"revision":0,"majorRevision":0,"minorRevision":0},"minClientVersion":{"major":3,"minor":21085,"build":24,"revision":0,"majorRevision":0,"minorRevision":0},"backgroundColor":"rgba(0, 200, 238, 1)","backgroundImageUri":"/15117329954105651072/N3f181724-34ea-4bf1-817b-5eea6749a97c-logoSmallFile","displayName":"MyApp","description":"","commitMessage":"","appUris":{"documentUri":{"value":"/15117329954105651072/N27fb4934-f6e8-40ad-8b84-2095e999ccda-document.msapp"},"imageUris":[]},"createdTime":"0001-01-01T00:00:00Z","lastModifiedTime":"0001-01-01T00:00:00Z","sharedGroupsCount":0,"sharedUsersCount":0,"icons":{"smallIconUri":"/15117329954105651072/Na36b16f4-e45b-4fb3-a964-d6ac41235243-small.png","mediumIconUri":"/15117329954105651072/Ncf4a04c1-8a84-45dc-b054-bdcaf392b277-medium.png","largeIconUri":"/15117329954105651072/N1bfa26aa-bca7-4c47-aa18-3d0a9b08c4ea-large.png","wideIconUri":"/15117329954105651072/N4c5bd4c5-56ac-4425-aeef-6c0e2fded462-wide.png"},"connectionReferences":{"0da77919-f39d-4d89-9f13-a1da88fdc855":{"id":"5345842f-0112-45b5-8b81-140c244997c1","displayName":"Office 365 ユーザー","iconUri":"https://connectoricons-prod.azureedge.net/releases/v1.0.1510/1.0.1510.2537/office365users/icon.png","dataSources":["Office365ユーザー"],"dependencies":[],"dependents":[],"parameterHints":{},"parameterHintsV2":{},"isOnPremiseConnection":false,"bypassConsent":false,"dataSets":{},"apiTier":"Standard","isCustomApiConnection":false,"actions":["MyProfileV2","UserPhotoV2"]},"16464d3e-0ded-4db4-bc44-9f671029c5ed":{"id":"a759005f-b023-49cb-874f-df0645b42aa3","displayName":"Logic flows","iconUri":"https://connectoricons-prod.azureedge.net/releases/v1.0.1438/1.0.1438.2324/logicflows/icon.png","dataSources":["ClientInfo"],"dependencies":[],"dependents":[],"parameterHints":{"workflowName":{"value":"ab94a82a-816c-4f4c-afd2-72e4a255c844"},"workflowEntityId":{"value":"cfce9607-4e12-ec11-b6e6-00224867fb3b"}},"parameterHintsV2":{"workflowName":{"value":"ab94a82a-816c-4f4c-afd2-72e4a255c844"},"workflowEntityId":{"value":"cfce9607-4e12-ec11-b6e6-00224867fb3b"}},"isOnPremiseConnection":false,"bypassConsent":false,"dataSets":{},"apiTier":"Standard","isCustomApiConnection":false,"actions":["Run"]},"58d43243-529b-414b-af14-2e2727184a12":{"id":"a917536d-1e72-4718-9550-fb68fd5c0bd7","displayName":"作成者向け Power Apps","iconUri":"https://connectoricons-prod.azureedge.net/releases/v1.0.1480/1.0.1480.2454/powerappsforappmakers/icon.png","dataSources":["作成者向けPowerApps"],"dependencies":[],"dependents":[],"parameterHints":{},"parameterHintsV2":{},"isOnPremiseConnection":false,"bypassConsent":false,"dataSets":{},"apiTier":"Standard","isCustomApiConnection":false,"actions":["GetApp"]},"edfc6e54-a240-4672-8477-97d618a78ede":{"id":"a759005f-b023-49cb-874f-df0645b42aa3","displayName":"Logic flows","iconUri":"https://connectoricons-prod.azureedge.net/releases/v1.0.1438/1.0.1438.2324/logicflows/icon.png","dataSources":["Log"],"dependencies":["0f15edb6-f771-4b54-9550-72af59b32ca7","4f52c916-04a7-47d7-b000-6e74c51f63ee"],"dependents":[],"parameterHints":{"workflowName":{"value":"8f609622-8a01-4e1b-94c8-9ece9145371d"},"workflowEntityId":{"value":"33da1063-b512-ec11-b6e6-00224867fb3b"},"0f15edb6-f771-4b54-9550-72af59b32ca7":{"value":"shared_office365users"},"4f52c916-04a7-47d7-b000-6e74c51f63ee":{"value":"shared_commondataserviceforapps"}},"parameterHintsV2":{"workflowName":{"value":"8f609622-8a01-4e1b-94c8-9ece9145371d"},"workflowEntityId":{"value":"33da1063-b512-ec11-b6e6-00224867fb3b"},"shared_office365users":{"value":"0f15edb6-f771-4b54-9550-72af59b32ca7"},"shared_commondataserviceforapps":{"value":"4f52c916-04a7-47d7-b000-6e74c51f63ee"}},"isOnPremiseConnection":false,"bypassConsent":false,"dataSets":{},"apiTier":"Standard","isCustomApiConnection":false,"actions":["Run"]},"0f15edb6-f771-4b54-9550-72af59b32ca7":{"id":"5345842f-0112-45b5-8b81-140c244997c1","displayName":"Office 365 ユーザー","iconUri":"https://connectoricons-prod.azureedge.net/releases/v1.0.1510/1.0.1510.2537/office365users/icon.png","dataSources":[],"dependencies":[],"dependents":["edfc6e54-a240-4672-8477-97d618a78ede"],"parameterHints":{},"parameterHintsV2":{},"isOnPremiseConnection":false,"bypassConsent":false,"dataSets":{},"apiTier":"Standard","isCustomApiConnection":false},"4f52c916-04a7-47d7-b000-6e74c51f63ee":{"id":"8fd130d4-1bf6-4e68-a84d-c8bae3cfce54","displayName":"Microsoft Dataverse","iconUri":"https://connectoricons-prod.azureedge.net/releases/v1.0.1507/1.0.1507.2528/commondataserviceforapps/icon.png","dataSources":[],"dependencies":[],"dependents":["edfc6e54-a240-4672-8477-97d618a78ede"],"parameterHints":{},"parameterHintsV2":{},"isOnPremiseConnection":false,"bypassConsent":false,"dataSets":{},"apiTier":"Premium","isCustomApiConnection":false},"bdf1cdf3-13da-41cf-b1ab-2c1c45c81e9f":{"id":"a759005f-b023-49cb-874f-df0645b42aa3","displayName":"Logic flows","iconUri":"https://connectoricons-prod.azureedge.net/releases/v1.0.1438/1.0.1438.2324/logicflows/icon.png","dataSources":["Sleep"],"dependencies":[],"dependents":[],"parameterHints":{"workflowName":{"value":"dcca91d1-1856-4a2e-8c6a-298903f74369"},"workflowEntityId":{"value":"01d4564b-4c12-ec11-b6e6-00224867fb3b"}},"parameterHintsV2":{"workflowName":{"value":"dcca91d1-1856-4a2e-8c6a-298903f74369"},"workflowEntityId":{"value":"01d4564b-4c12-ec11-b6e6-00224867fb3b"}},"isOnPremiseConnection":false,"bypassConsent":false,"dataSets":{},"apiTier":"Standard","isCustomApiConnection":false,"actions":["Run"]}},"databaseReferences":{"default.cds":{"databaseDetails":{"referenceType":"Environmental","environmentName":"default.cds","overrideValues":{"status":"NotSpecified"}},"dataSources":{"Settings":{"entitySetName":"ya_settings","logicalName":"ya_setting"},"LogLevels":{"entitySetName":"ya_loglevels","logicalName":"ya_loglevel"},"Logs":{"entitySetName":"ya_logs","logicalName":"ya_log"},"Strings":{"entitySetName":"ya_strings","logicalName":"ya_string"},"SettingTypes":{"entitySetName":"ya_settingtypes","logicalName":"ya_settingtype"},"Resources":{"entitySetName":"ya_resources","logicalName":"ya_resource"}},"actions":["providers/PowerPlatform.Governance/Operations/Read","providers/PowerPlatform.Governance/Operations/Write","providers/PowerPlatform.Governance/Operations/Delete"]}},"almMode":"Solution","performanceOptimizationEnabled":true,"canConsumeAppPass":true,"executionRestrictions":{"isTeamsOnly":false,"dataLossPreventionEvaluationResult":{"status":"Compliant","lastEvaluationDate":"2021-09-08T11:17:15.953778Z","violations":[],"violationsByPolicy":[],"violationErrorMessage":"このアプリでは、次のコネクタが使用されます: 。"}}},"appType":"ClassicCanvasApp","appComponents":[]}}