{"properties":{"connectionReferences":{},"definition":{"$schema":"https://schema.management.azure.com/providers/Microsoft.Logic/schemas/2016-06-01/workflowdefinition.json#","contentVersion":"1.0.0.0","parameters":{"$authentication":{"defaultValue":{},"type":"SecureObject"},"AppIdMyApp":{"defaultValue":"8b74f16c-442a-41ca-8ea4-cb9b7f4cb2d1","type":"String","metadata":{"schemaName":"ya_AppIdMyApp","description":"MyAppのアプリID"}}},"triggers":{"manual":{"type":"Request","kind":"PowerAppV2","inputs":{"schema":{"type":"object","properties":{},"required":[]}}}},"actions":{"PowerApp_または_Flow_に応答する":{"runAfter":{},"type":"Response","kind":"PowerApp","inputs":{"statusCode":200,"body":{"appid":"@parameters('AppIdMyApp')"},"schema":{"type":"object","properties":{"appid":{"title":"AppId","x-ms-dynamically-added":true,"type":"string"}}}}}},"outputs":{}}},"schemaVersion":"1.0.0.0"}