{"name":"f5bee9c5-ea82-6b65-ff4b-e79ad51777d2","id":"/providers/Microsoft.Flow/flows/f5bee9c5-ea82-6b65-ff4b-e79ad51777d2","type":"Microsoft.Flow/flows","properties":{"apiId":"/providers/Microsoft.PowerApps/apis/shared_logicflows","displayName":"ClientInfo","definition":{"metadata":{"workflowEntityId":"cfce9607-4e12-ec11-b6e6-00224867fb3b","processAdvisorMetadata":null,"flowclientsuspensionreason":"None","flowclientsuspensiontime":null,"creator":{"id":"da0e9c97-68b9-4bfd-92df-fcd204db19a2","type":"User","tenantId":"6ac40006-b6fe-4b12-951f-4825b5bb21d4"},"provisioningMethod":"FromDefinition","failureAlertSubscription":true,"clientLastModifiedTime":"2021-09-10T15:56:21.9975526Z"},"$schema":"https://schema.management.azure.com/providers/Microsoft.Logic/schemas/2016-06-01/workflowdefinition.json#","contentVersion":"1.0.0.0","parameters":{"$authentication":{"defaultValue":{},"type":"SecureObject"}},"triggers":{"manual":{"type":"Request","kind":"PowerAppV2","inputs":{"schema":{"type":"object","properties":{},"required":[]}}}},"actions":{"変数を初期化する":{"runAfter":{"JSON_の解析":["Succeeded"]},"type":"InitializeVariable","inputs":{"variables":[{"name":"Headers","type":"string","value":"@{body('JSON_の解析')}"}]}},"変数を初期化する_2":{"runAfter":{"変数を初期化する":["Succeeded"]},"type":"InitializeVariable","inputs":{"variables":[{"name":"IpAddress","type":"string","value":"@{triggerOutputs()['headers']['X-Forwarded-For']}"}]}},"JSON_の解析":{"runAfter":{},"type":"ParseJson","inputs":{"content":"@triggerOutputs()['headers']","schema":{"type":"object","properties":{"headers":{"type":"object","properties":{"Connection":{"type":"string"},"Accept":{"type":"string"},"Accept-Encoding":{"type":"string"},"Accept-Language":{"type":"string"},"Expect":{"type":"string"},"Host":{"type":"string"},"Referer":{"type":"string"},"User-Agent":{"type":"string"},"sec-ch-ua":{"type":"string"},"x-ms-client-session-id":{"type":"string"},"sec-ch-ua-mobile":{"type":"string"},"x-ms-client-request-id":{"type":"string"},"x-ms-client-keywords":{"type":"string"},"sec-ch-ua-platform":{"type":"string"},"origin":{"type":"string"},"sec-fetch-site":{"type":"string"},"sec-fetch-mode":{"type":"string"},"sec-fetch-dest":{"type":"string"},"X-MS-APIM-Referrer":{"type":"string"},"x-ms-client-region":{"type":"string"},"x-ms-flavor":{"type":"string"},"x-ms-gateway-object-id":{"type":"string"},"X-MS-APIM-Referrer-Prefix":{"type":"string"},"X-MS-APIM-Callback":{"type":"string"},"x-ms-user-id":{"type":"string"},"x-ms-user-name":{"type":"string"},"x-ms-user-name-encoded":{"type":"string"},"x-ms-user-email":{"type":"string"},"x-ms-user-email-encoded":{"type":"string"},"x-ms-user-timestamp":{"type":"string"},"X-Forwarded-For":{"type":"string"},"Content-Length":{"type":"string"},"Content-Type":{"type":"string"}}},"body":{"type":"object","properties":{}}}}}},"変数を初期化する_3":{"runAfter":{"変数を初期化する_2":["Succeeded"]},"type":"InitializeVariable","inputs":{"variables":[{"name":"UserAgent","type":"string","value":"@{triggerOutputs()['headers']['User-Agent']}"}]}},"PowerApp_または_Flow_に応答する":{"runAfter":{"変数を初期化する_3":["Succeeded"]},"type":"Response","kind":"PowerApp","inputs":{"statusCode":200,"body":{"headers":"@variables('Headers')","ipaddress":"@variables('IpAddress')","useragent":"@variables('UserAgent')"},"schema":{"type":"object","properties":{"headers":{"title":"Headers","x-ms-dynamically-added":true,"type":"string"},"ipaddress":{"title":"IpAddress","x-ms-dynamically-added":true,"type":"string"},"useragent":{"title":"UserAgent","x-ms-dynamically-added":true,"type":"string"}}}}}},"outputs":{}},"connectionReferences":{},"flowFailureAlertSubscribed":false}}