{"schemaVersion":"1.0","appDefinitionTemplate":{"id":"/providers/Microsoft.PowerApps/apps/","type":"Microsoft.PowerApps/apps","tags":{"primaryDeviceWidth":"1366","primaryDeviceHeight":"768","sienaVersion":"20210918T012125Z-3.21091.38.0","deviceCapabilities":"webcam","supportsPortrait":"true","supportsLandscape":"true","primaryFormFactor":"Tablet","publisherVersion":"3.21091.38","minimumRequiredApiVersion":"2.2.0","hasComponent":"true","hasUnlockedComponent":"true","isUnifiedRootApp":"false"},"properties":{"appVersion":"2021-09-18T01:21:25Z","lifeCycleId":"Published","createdByClientVersion":{"major":3,"minor":21091,"build":38,"revision":0,"majorRevision":0,"minorRevision":0},"minClientVersion":{"major":3,"minor":21091,"build":38,"revision":0,"majorRevision":0,"minorRevision":0},"backgroundColor":"rgba(0, 200, 238, 1)","backgroundImageUri":"/2409603145115126694/N12c994e5-1e19-43b8-8309-22836266553b-logoSmallFile","displayName":"CustomComponents","description":"","commitMessage":"","appUris":{"documentUri":{"value":"/2409603145115126694/N833fb1d4-d936-46e5-b58e-ae2b078d196f-document.msapp"},"imageUris":[]},"createdTime":"0001-01-01T00:00:00Z","lastModifiedTime":"0001-01-01T00:00:00Z","sharedGroupsCount":0,"sharedUsersCount":0,"icons":{"smallIconUri":"/2409603145115126694/Ne0055983-2303-4747-8214-8799504769f8-small.png","mediumIconUri":"/2409603145115126694/N379bfa88-32fc-4bfd-8adf-3b2078c1ea83-medium.png","largeIconUri":"/2409603145115126694/N36d93f3b-0a38-4eeb-91d2-8ad075a9dc20-large.png","wideIconUri":"/2409603145115126694/N3a096361-d0cc-42bb-8683-d584df4f3a59-wide.png"},"connectionReferences":{"0da77919-f39d-4d89-9f13-a1da88fdc855":{"id":"5345842f-0112-45b5-8b81-140c244997c1","displayName":"Office 365 ユーザー","iconUri":"https://connectoricons-prod.azureedge.net/releases/v1.0.1510/1.0.1510.2537/office365users/icon.png","dataSources":["Office365ユーザー"],"dependencies":[],"dependents":[],"parameterHints":{},"parameterHintsV2":{},"isOnPremiseConnection":false,"bypassConsent":false,"dataSets":{},"apiTier":"Standard","isCustomApiConnection":false},"58d43243-529b-414b-af14-2e2727184a12":{"id":"a917536d-1e72-4718-9550-fb68fd5c0bd7","displayName":"作成者向け Power Apps","iconUri":"https://connectoricons-prod.azureedge.net/releases/v1.0.1512/1.0.1512.2544/powerappsforappmakers/icon.png","dataSources":["作成者向けPowerApps"],"dependencies":[],"dependents":[],"parameterHints":{},"parameterHintsV2":{},"isOnPremiseConnection":false,"bypassConsent":false,"dataSets":{},"apiTier":"Standard","isCustomApiConnection":false}},"databaseReferences":{},"almMode":"Solution","performanceOptimizationEnabled":true,"canConsumeAppPass":true,"executionRestrictions":{"isTeamsOnly":false,"dataLossPreventionEvaluationResult":{"status":"Compliant","lastEvaluationDate":"2021-09-18T01:07:22.0665311Z","violations":[],"violationsByPolicy":[],"violationErrorMessage":"このアプリでは、次のコネクタが使用されます: shared_office365users, shared_powerappsforappmakers。"}}},"appType":"ClassicCanvasApp","appComponents":[]}}