{"schemaVersion":"1.0","appDefinitionTemplate":{"id":"/providers/Microsoft.PowerApps/apps/","type":"Microsoft.PowerApps/apps","tags":{"primaryDeviceWidth":"640","primaryDeviceHeight":"1136","sienaVersion":"20210913T100444Z-3.21085.24.0","deviceCapabilities":"","supportsPortrait":"true","supportsLandscape":"true","primaryFormFactor":"Phone","publisherVersion":"3.21085.24","minimumRequiredApiVersion":"2.2.0","hasComponent":"false","hasUnlockedComponent":"false","isUnifiedRootApp":"false"},"properties":{"appVersion":"2021-09-13T10:04:44Z","lifeCycleId":"Published","createdByClientVersion":{"major":3,"minor":21085,"build":24,"revision":0,"majorRevision":0,"minorRevision":0},"minClientVersion":{"major":3,"minor":21085,"build":24,"revision":0,"majorRevision":0,"minorRevision":0},"backgroundColor":"rgba(0, 200, 238, 1)","backgroundImageUri":"/10497479575345236643/Nb18d1df7-657d-414c-873e-395f1fef676e-logoSmallFile","displayName":"ResourceUploader","description":"","commitMessage":"","appUris":{"documentUri":{"value":"/10497479575345236643/Naaa5e167-eed9-4455-bf68-52034e364416-document.msapp"},"imageUris":[]},"createdTime":"0001-01-01T00:00:00Z","lastModifiedTime":"0001-01-01T00:00:00Z","sharedGroupsCount":0,"sharedUsersCount":0,"icons":{"smallIconUri":"/10497479575345236643/Ned8c8d4a-9f72-43be-9c08-abae8ada27bd-small.png","mediumIconUri":"/10497479575345236643/N7166d15a-7df7-4040-88a7-8fe4a8ad07d8-medium.png","largeIconUri":"/10497479575345236643/Ne387e00b-d8e8-4325-b3a7-07bcefec870f-large.png","wideIconUri":"/10497479575345236643/N7db81f09-a01c-4777-a529-740d5012ead6-wide.png"},"connectionReferences":{},"databaseReferences":{"default.cds":{"databaseDetails":{"referenceType":"Environmental","environmentName":"default.cds","overrideValues":{"status":"NotSpecified"}},"dataSources":{"Resources":{"entitySetName":"ya_resources","logicalName":"ya_resource"}},"actions":["providers/PowerPlatform.Governance/Operations/Read","providers/PowerPlatform.Governance/Operations/Write","providers/PowerPlatform.Governance/Operations/Delete"]}},"almMode":"Solution","performanceOptimizationEnabled":true,"canConsumeAppPass":true,"executionRestrictions":{"isTeamsOnly":false,"dataLossPreventionEvaluationResult":{"status":"Compliant","lastEvaluationDate":"2021-09-13T10:00:40.3391106Z","violations":[],"violationsByPolicy":[],"violationErrorMessage":"このアプリでは、次のコネクタが使用されます: shared_commondataservice。"}}},"appType":"ClassicCanvasApp","appComponents":[]}}