{"schemaVersion":"1.0","appDefinitionTemplate":{"id":"/providers/Microsoft.PowerApps/apps/","type":"Microsoft.PowerApps/apps","tags":{"primaryDeviceWidth":"640","primaryDeviceHeight":"1136","sienaVersion":"20210913T100444Z-3.21085.24.0","deviceCapabilities":"","supportsPortrait":"true","supportsLandscape":"true","primaryFormFactor":"Phone","publisherVersion":"3.21085.24","minimumRequiredApiVersion":"2.2.0","hasComponent":"false","hasUnlockedComponent":"false","isUnifiedRootApp":"false"},"properties":{"appVersion":"2021-09-13T10:04:44Z","lifeCycleId":"Published","createdByClientVersion":{"major":3,"minor":21085,"build":24,"revision":0,"majorRevision":0,"minorRevision":0},"minClientVersion":{"major":3,"minor":21085,"build":24,"revision":0,"majorRevision":0,"minorRevision":0},"backgroundColor":"rgba(0, 200, 238, 1)","backgroundImageUri":"/10497479575345236643/Na570c8ee-1fcf-4114-bfa0-8f89fcf5ccf0-logoSmallFile","displayName":"ResourceUploader","description":"","commitMessage":"","appUris":{"documentUri":{"value":"/10497479575345236643/Nf3fde53d-21d2-4c65-8738-94f153ac2964-document.msapp"},"imageUris":[]},"createdTime":"0001-01-01T00:00:00Z","lastModifiedTime":"0001-01-01T00:00:00Z","sharedGroupsCount":0,"sharedUsersCount":0,"icons":{"smallIconUri":"/10497479575345236643/N6813a160-1b4c-4688-878b-e60301e2d90a-small.png","mediumIconUri":"/10497479575345236643/N7b6c2951-f74a-4c00-831d-c018df5fd620-medium.png","largeIconUri":"/10497479575345236643/N47266a44-2e10-4d72-8d1c-df75ba0a547b-large.png","wideIconUri":"/10497479575345236643/Nf48dc0e4-a8b3-4df0-b5c0-96e7b4f77752-wide.png"},"connectionReferences":{},"databaseReferences":{"default.cds":{"databaseDetails":{"referenceType":"Environmental","environmentName":"default.cds","overrideValues":{"status":"NotSpecified"}},"dataSources":{"Resources":{"entitySetName":"ya_resources","logicalName":"ya_resource"}},"actions":["providers/PowerPlatform.Governance/Operations/Read","providers/PowerPlatform.Governance/Operations/Write","providers/PowerPlatform.Governance/Operations/Delete"]}},"almMode":"Solution","performanceOptimizationEnabled":true,"canConsumeAppPass":true,"executionRestrictions":{"isTeamsOnly":false,"dataLossPreventionEvaluationResult":{"status":"Compliant","lastEvaluationDate":"2021-09-13T10:00:40.3391106Z","violations":[],"violationsByPolicy":[],"violationErrorMessage":"このアプリでは、次のコネクタが使用されます: shared_commondataservice。"}}},"appType":"ClassicCanvasApp","appComponents":[]}}