{"schemaVersion":"1.0","appDefinitionTemplate":{"id":"/providers/Microsoft.PowerApps/apps/","type":"Microsoft.PowerApps/apps","tags":{"primaryDeviceWidth":"768","primaryDeviceHeight":"1366","sienaVersion":"20210915T035049Z-3.21085.24.0","deviceCapabilities":"","supportsPortrait":"true","supportsLandscape":"true","primaryFormFactor":"Tablet","publisherVersion":"3.21085.24","minimumRequiredApiVersion":"2.2.0","hasComponent":"true","hasUnlockedComponent":"true","isUnifiedRootApp":"false"},"properties":{"appVersion":"2021-09-15T03:50:49Z","lifeCycleId":"Published","createdByClientVersion":{"major":3,"minor":21085,"build":24,"revision":0,"majorRevision":0,"minorRevision":0},"minClientVersion":{"major":3,"minor":21085,"build":24,"revision":0,"majorRevision":0,"minorRevision":0},"backgroundColor":"rgba(0, 200, 238, 1)","backgroundImageUri":"/7987078694174988204/N08c9681e-5d3e-4563-80fd-22dddc9021b2-logoSmallFile","displayName":"ContactsApp","description":"","commitMessage":"","appUris":{"documentUri":{"value":"/7987078694174988204/Nc0ea255c-9a47-47ef-9529-3f94f3235d00-document.msapp"},"imageUris":[]},"createdTime":"0001-01-01T00:00:00Z","lastModifiedTime":"0001-01-01T00:00:00Z","sharedGroupsCount":0,"sharedUsersCount":0,"icons":{"smallIconUri":"/7987078694174988204/N68b03125-17c9-4ed9-8dd0-f0aec8af24ff-small.png","mediumIconUri":"/7987078694174988204/N0a78e477-eecb-43b6-8909-e8e7751d4e1d-medium.png","largeIconUri":"/7987078694174988204/N6447bd50-a232-4c24-8645-52bed7db083b-large.png","wideIconUri":"/7987078694174988204/N261cbd1a-bc4b-4c23-a639-8a5099aa2409-wide.png"},"connectionReferences":{"0da77919-f39d-4d89-9f13-a1da88fdc855":{"id":"5345842f-0112-45b5-8b81-140c244997c1","displayName":"Office 365 ユーザー","iconUri":"https://connectoricons-prod.azureedge.net/releases/v1.0.1510/1.0.1510.2537/office365users/icon.png","dataSources":["Office365ユーザー"],"dependencies":[],"dependents":["577e2cd4-49af-4c67-afa7-18dea3709b45"],"parameterHints":{},"parameterHintsV2":{},"isOnPremiseConnection":false,"bypassConsent":false,"dataSets":{},"apiTier":"Standard","isCustomApiConnection":false,"actions":["MyProfileV2","UserPhotoV2","SearchUserV2","ManagerV2"]},"58d43243-529b-414b-af14-2e2727184a12":{"id":"a917536d-1e72-4718-9550-fb68fd5c0bd7","displayName":"作成者向け Power Apps","iconUri":"https://connectoricons-prod.azureedge.net/releases/v1.0.1512/1.0.1512.2544/powerappsforappmakers/icon.png","dataSources":["作成者向けPowerApps"],"dependencies":[],"dependents":[],"parameterHints":{},"parameterHintsV2":{},"isOnPremiseConnection":false,"bypassConsent":false,"dataSets":{},"apiTier":"Standard","isCustomApiConnection":false,"actions":["GetApp"]},"577e2cd4-49af-4c67-afa7-18dea3709b45":{"id":"a759005f-b023-49cb-874f-df0645b42aa3","displayName":"Logic flows","iconUri":"https://connectoricons-prod.azureedge.net/releases/v1.0.1438/1.0.1438.2324/logicflows/icon.png","dataSources":["Log"],"dependencies":["0da77919-f39d-4d89-9f13-a1da88fdc855","c5ff70ad-1a30-45e3-bd6b-32879d65f798"],"dependents":[],"parameterHints":{"workflowName":{"value":"8f609622-8a01-4e1b-94c8-9ece9145371d"},"workflowEntityId":{"value":"33da1063-b512-ec11-b6e6-00224867fb3b"},"0da77919-f39d-4d89-9f13-a1da88fdc855":{"value":"shared_office365users"},"c5ff70ad-1a30-45e3-bd6b-32879d65f798":{"value":"shared_commondataserviceforapps"}},"parameterHintsV2":{"workflowName":{"value":"8f609622-8a01-4e1b-94c8-9ece9145371d"},"workflowEntityId":{"value":"33da1063-b512-ec11-b6e6-00224867fb3b"},"shared_office365users":{"value":"0da77919-f39d-4d89-9f13-a1da88fdc855"},"shared_commondataserviceforapps":{"value":"c5ff70ad-1a30-45e3-bd6b-32879d65f798"}},"isOnPremiseConnection":false,"bypassConsent":false,"dataSets":{},"apiTier":"Standard","isCustomApiConnection":false,"actions":["Run"]},"c5ff70ad-1a30-45e3-bd6b-32879d65f798":{"id":"8fd130d4-1bf6-4e68-a84d-c8bae3cfce54","displayName":"Microsoft Dataverse","iconUri":"https://connectoricons-prod.azureedge.net/releases/v1.0.1513/1.0.1513.2549/commondataserviceforapps/icon.png","dataSources":[],"dependencies":[],"dependents":["577e2cd4-49af-4c67-afa7-18dea3709b45"],"parameterHints":{},"parameterHintsV2":{},"isOnPremiseConnection":false,"bypassConsent":false,"dataSets":{},"apiTier":"Premium","isCustomApiConnection":false},"489def34-712b-43bb-882a-29b73247516d":{"id":"a759005f-b023-49cb-874f-df0645b42aa3","displayName":"Logic flows","iconUri":"https://connectoricons-prod.azureedge.net/releases/v1.0.1438/1.0.1438.2324/logicflows/icon.png","dataSources":["ClientInfo"],"dependencies":[],"dependents":[],"parameterHints":{"workflowName":{"value":"ab94a82a-816c-4f4c-afd2-72e4a255c844"},"workflowEntityId":{"value":"cfce9607-4e12-ec11-b6e6-00224867fb3b"}},"parameterHintsV2":{"workflowName":{"value":"ab94a82a-816c-4f4c-afd2-72e4a255c844"},"workflowEntityId":{"value":"cfce9607-4e12-ec11-b6e6-00224867fb3b"}},"isOnPremiseConnection":false,"bypassConsent":false,"dataSets":{},"apiTier":"Standard","isCustomApiConnection":false,"actions":["Run"]}},"databaseReferences":{"default.cds":{"databaseDetails":{"referenceType":"Environmental","environmentName":"default.cds","overrideValues":{"status":"NotSpecified"}},"dataSources":{"Settings":{"entitySetName":"ya_settings","logicalName":"ya_setting"},"LogLevels":{"entitySetName":"ya_loglevels","logicalName":"ya_loglevel"},"Logs":{"entitySetName":"ya_logs","logicalName":"ya_log"},"Strings":{"entitySetName":"ya_strings","logicalName":"ya_string"},"SettingTypes":{"entitySetName":"ya_settingtypes","logicalName":"ya_settingtype"},"Resources":{"entitySetName":"ya_resources","logicalName":"ya_resource"}},"actions":["providers/PowerPlatform.Governance/Operations/Read","providers/PowerPlatform.Governance/Operations/Write","providers/PowerPlatform.Governance/Operations/Delete"]}},"almMode":"Solution","performanceOptimizationEnabled":true,"canConsumeAppPass":true,"executionRestrictions":{"isTeamsOnly":false,"dataLossPreventionEvaluationResult":{"status":"Compliant","lastEvaluationDate":"2021-09-08T11:17:15.953778Z","violations":[],"violationsByPolicy":[],"violationErrorMessage":"このアプリでは、次のコネクタが使用されます: 。"}}},"appType":"ClassicCanvasApp","appComponents":[]}}