{"name":"3e1b0ed4-e7ba-4d9b-86b7-e5e7ccbe5cb8","id":"/providers/Microsoft.Flow/flows/3e1b0ed4-e7ba-4d9b-86b7-e5e7ccbe5cb8","type":"Microsoft.Flow/flows","properties":{"apiId":"/providers/Microsoft.PowerApps/apis/shared_logicflows","displayName":"Sleep","definition":{"metadata":{"workflowEntityId":"01d4564b-4c12-ec11-b6e6-00224867fb3b","processAdvisorMetadata":null,"flowclientsuspensionreason":"None","flowclientsuspensiontime":null,"creator":{"id":"da0e9c97-68b9-4bfd-92df-fcd204db19a2","type":"User","tenantId":"6ac40006-b6fe-4b12-951f-4825b5bb21d4"},"provisioningMethod":"FromDefinition","failureAlertSubscription":true,"clientLastModifiedTime":"2021-09-10T15:32:32.2950031Z"},"$schema":"https://schema.management.azure.com/providers/Microsoft.Logic/schemas/2016-06-01/workflowdefinition.json#","contentVersion":"1.0.0.0","parameters":{"$authentication":{"defaultValue":{},"type":"SecureObject"}},"triggers":{"manual":{"type":"Request","kind":"PowerAppV2","inputs":{"schema":{"type":"object","properties":{"number":{"title":"seconds","type":"number","x-ms-dynamically-added":true,"description":"待機秒数を入力してください","x-ms-content-hint":"NUMBER"}},"required":["number"]}}}},"actions":{"待ち時間":{"runAfter":{},"type":"Wait","inputs":{"interval":{"count":"@triggerBody()['number']","unit":"Second"}}},"PowerApp_または_Flow_に応答する":{"runAfter":{"待ち時間":["Succeeded"]},"type":"Response","kind":"PowerApp","inputs":{"statusCode":200,"body":{"seconds":"@{triggerBody()['number']}"},"schema":{"type":"object","properties":{"seconds":{"title":"seconds","x-ms-dynamically-added":true,"type":"number"}}}}}},"outputs":{}},"connectionReferences":{},"flowFailureAlertSubscribed":false}}