{"properties":{"connectionReferences":{"shared_commondataserviceforapps":{"runtimeSource":"embedded","connection":{"connectionReferenceLogicalName":"ya_sharedcommondataserviceforapps_be81b"},"api":{"name":"shared_commondataserviceforapps"}}},"definition":{"$schema":"https://schema.management.azure.com/providers/Microsoft.Logic/schemas/2016-06-01/workflowdefinition.json#","contentVersion":"1.0.0.0","parameters":{"$connections":{"defaultValue":{},"type":"Object"},"$authentication":{"defaultValue":{},"type":"SecureObject"}},"triggers":{"manual":{"type":"Request","kind":"Button","inputs":{"schema":{"type":"object","properties":{},"required":[]}}}},"actions":{"行を一覧にする":{"runAfter":{"変数を初期化する":["Succeeded"]},"type":"OpenApiConnection","inputs":{"host":{"connectionName":"shared_commondataserviceforapps","operationId":"ListRecords","apiId":"/providers/Microsoft.PowerApps/apis/shared_commondataserviceforapps"},"parameters":{"entityName":"ya_preferences"},"authentication":{"type":"Raw","value":"@json(decodeBase64(triggerOutputs().headers['X-MS-APIM-Tokens']))['$ConnectionKey']"}}},"条件":{"actions":{"Apply_to_each":{"foreach":"@variables('Preferences')","actions":{"JSON_の解析":{"runAfter":{},"type":"ParseJson","inputs":{"content":"@items('Apply_to_each')","schema":{"type":"object","properties":{"Key":{"type":"string"},"Value":{"type":"string"}}}}},"新しい行を追加する":{"runAfter":{"JSON_の解析":["Succeeded"]},"type":"OpenApiConnection","inputs":{"host":{"connectionName":"shared_commondataserviceforapps","operationId":"CreateRecord","apiId":"/providers/Microsoft.PowerApps/apis/shared_commondataserviceforapps"},"parameters":{"entityName":"ya_preferences","item/ya_key":"@body('JSON_の解析')?['Key']","item/ya_value":"@body('JSON_の解析')?['Value']"},"authentication":{"type":"Raw","value":"@json(decodeBase64(triggerOutputs().headers['X-MS-APIM-Tokens']))['$ConnectionKey']"}}}},"runAfter":{},"type":"Foreach"}},"runAfter":{"行を一覧にする":["Succeeded"]},"expression":{"equals":["@length(outputs('行を一覧にする')?['body/value'])",0]},"type":"If"},"変数を初期化する":{"runAfter":{},"type":"InitializeVariable","inputs":{"variables":[{"name":"Preferences","type":"array","value":[{"Key":"ContactsApp/DebugMode","Value":"true"},{"Key":"ContactsApp/Id","Value":"14b2d238-a75f-494c-981f-9e6be4819a77"},{"Key":"ContactsApp/Version","Value":"0.0.2"},{"Key":"MyApp/BlueLightCutMode","Value":"false"},{"Key":"MyApp/DebugMode","Value":"true"},{"Key":"MyApp/Id","Value":"72edade3-549b-4055-afed-43e25a2d7f7c"},{"Key":"MyApp/MaintenanceMode","Value":"false"},{"Key":"MyApp/ThemeColor/Main","Value":"64,224,208,0.80"},{"Key":"MyApp/Version","Value":"0.0.2"},{"Key":"Yakata/Author","Value":"YA"},{"Key":"Yakata/User/Administrators","Value":"admin@yappf.onmicrosoft.com"}]}]}}}}},"schemaVersion":"1.0.0.0"}