{"properties":{"connectionReferences":{"shared_commondataserviceforapps":{"runtimeSource":"embedded","connection":{"connectionReferenceLogicalName":"ya_sharedcommondataserviceforapps_be81b"},"api":{"name":"shared_commondataserviceforapps"}}},"definition":{"$schema":"https://schema.management.azure.com/providers/Microsoft.Logic/schemas/2016-06-01/workflowdefinition.json#","contentVersion":"1.0.0.0","parameters":{"$connections":{"defaultValue":{},"type":"Object"},"$authentication":{"defaultValue":{},"type":"SecureObject"}},"triggers":{"manual":{"type":"Request","kind":"PowerAppV2","inputs":{"schema":{"type":"object","properties":{},"required":[]}}}},"actions":{"Preferences_行を一覧にする":{"runAfter":{"変数Preferencesを初期化する":["Succeeded"]},"type":"OpenApiConnection","inputs":{"host":{"connectionName":"shared_commondataserviceforapps","operationId":"ListRecords","apiId":"/providers/Microsoft.PowerApps/apis/shared_commondataserviceforapps"},"parameters":{"entityName":"ya_preferences","$top":50},"authentication":"@parameters('$authentication')"}},"Preferences_条件":{"actions":{"Preferences_Apply_to_each":{"foreach":"@variables('Preferences')","actions":{"Preferences_JSON_の解析":{"runAfter":{},"type":"ParseJson","inputs":{"content":"@items('Preferences_Apply_to_each')","schema":{"type":"object","properties":{"Key":{"type":"string"},"Value":{"type":"string"}}}}},"Preferences_新しい行を追加する":{"runAfter":{"Preferences_JSON_の解析":["Succeeded"]},"type":"OpenApiConnection","inputs":{"host":{"connectionName":"shared_commondataserviceforapps","operationId":"CreateRecord","apiId":"/providers/Microsoft.PowerApps/apis/shared_commondataserviceforapps"},"parameters":{"entityName":"ya_preferences","item/ya_key":"@body('Preferences_JSON_の解析')?['Key']","item/ya_value":"@body('Preferences_JSON_の解析')?['Value']"},"authentication":"@parameters('$authentication')"}}},"runAfter":{},"type":"Foreach"}},"runAfter":{"Preferences_行を一覧にする":["Succeeded"]},"expression":{"equals":["@length(outputs('Preferences_行を一覧にする')?['body/value'])",0]},"type":"If"},"変数Preferencesを初期化する":{"runAfter":{"PreferenceTypes_条件":["Succeeded"]},"type":"InitializeVariable","inputs":{"variables":[{"name":"Preferences","type":"array","value":[{"Key":"ContactsApp/DebugMode","Value":"true"},{"Key":"ContactsApp/Id","Value":"14b2d238-a75f-494c-981f-9e6be4819a77"},{"Key":"ContactsApp/Version","Value":"0.0.2"},{"Key":"MyApp/BlueLightCutMode","Value":"false"},{"Key":"MyApp/DebugMode","Value":"true"},{"Key":"MyApp/Id","Value":"72edade3-549b-4055-afed-43e25a2d7f7c"},{"Key":"MyApp/MaintenanceMode","Value":"false"},{"Key":"MyApp/ThemeColor/Main","Value":"64,224,208,0.80"},{"Key":"MyApp/Version","Value":"0.0.2"},{"Key":"Yakata/Author","Value":"YA"},{"Key":"Yakata/User/Administrators","Value":"admin@yappf.onmicrosoft.com"}]}]}},"変数PreferenceTypesを初期化する":{"runAfter":{"LogLevels_条件":["Succeeded"]},"type":"InitializeVariable","inputs":{"variables":[{"name":"PreferenceTypes","type":"array","value":[{"Name":"Array"},{"Name":"Boolean"},{"Name":"Color"},{"Name":"Integer"},{"Name":"Number"},{"Name":"String"}]}]}},"PreferenceTypes_行を一覧にする":{"runAfter":{"変数PreferenceTypesを初期化する":["Succeeded"]},"type":"OpenApiConnection","inputs":{"host":{"connectionName":"shared_commondataserviceforapps","operationId":"ListRecords","apiId":"/providers/Microsoft.PowerApps/apis/shared_commondataserviceforapps"},"parameters":{"entityName":"ya_preferencetypes","$top":50},"authentication":"@parameters('$authentication')"}},"PreferenceTypes_条件":{"actions":{"PreferenceTypes_Apply_to_each":{"foreach":"@variables('Preferences')","actions":{"PreferenceTypes_JSON_の解析":{"runAfter":{},"type":"ParseJson","inputs":{"content":"@items('PreferenceTypes_Apply_to_each')","schema":{"type":"object","properties":{"Name":{"type":"string"}}}}},"PreferenceTypes_新しい行を追加する":{"runAfter":{"PreferenceTypes_JSON_の解析":["Succeeded"]},"type":"OpenApiConnection","inputs":{"host":{"connectionName":"shared_commondataserviceforapps","operationId":"CreateRecord","apiId":"/providers/Microsoft.PowerApps/apis/shared_commondataserviceforapps"},"parameters":{"entityName":"ya_preferencetypes","item/ya_name":"@body('PreferenceTypes_JSON_の解析')?['Name']"},"authentication":"@parameters('$authentication')"}}},"runAfter":{},"type":"Foreach"}},"runAfter":{"PreferenceTypes_行を一覧にする":["Succeeded"]},"expression":{"equals":["@length(outputs('PreferenceTypes_行を一覧にする')?['body/value'])",0]},"type":"If"},"変数LogLevelsを初期化する":{"runAfter":{},"type":"InitializeVariable","inputs":{"variables":[{"name":"LogLevels","type":"array","value":[{"Name":"Critical"},{"Name":"Debug"},{"Name":"Emergency"},{"Name":"Error"},{"Name":"Info"},{"Name":"Warn"}]}]}},"LogLevels_行を一覧にする":{"runAfter":{"変数LogLevelsを初期化する":["Succeeded"]},"type":"OpenApiConnection","inputs":{"host":{"connectionName":"shared_commondataserviceforapps","operationId":"ListRecords","apiId":"/providers/Microsoft.PowerApps/apis/shared_commondataserviceforapps"},"parameters":{"entityName":"ya_loglevels","$top":50},"authentication":"@parameters('$authentication')"}},"LogLevels_条件":{"actions":{"LogLevels_Apply_to_each":{"foreach":"@variables('LogLevels')","actions":{"LogLevels_JSON_の解析":{"runAfter":{},"type":"ParseJson","inputs":{"content":"@items('LogLevels_Apply_to_each')","schema":{"type":"object","properties":{"Name":{"type":"string"}}}}},"LogLevels_新しい行を追加する":{"runAfter":{"LogLevels_JSON_の解析":["Succeeded"]},"type":"OpenApiConnection","inputs":{"host":{"connectionName":"shared_commondataserviceforapps","operationId":"CreateRecord","apiId":"/providers/Microsoft.PowerApps/apis/shared_commondataserviceforapps"},"parameters":{"entityName":"ya_loglevels","item/ya_name":"@body('LogLevels_JSON_の解析')?['Name']"},"authentication":"@parameters('$authentication')"}}},"runAfter":{},"type":"Foreach"}},"runAfter":{"LogLevels_行を一覧にする":["Succeeded"]},"expression":{"equals":["@length(outputs('LogLevels_行を一覧にする')?['body/value'])",0]},"type":"If"},"PowerApp_または_Flow_に応答する":{"runAfter":{"Preferences_条件":["Succeeded"]},"type":"Response","kind":"PowerApp","inputs":{"statusCode":200,"body":{},"schema":{"type":"object","properties":{}}}}}}},"schemaVersion":"1.0.0.0"}