{"schemaVersion":"1.0","appDefinitionTemplate":{"id":"/providers/Microsoft.PowerApps/apps/","type":"Microsoft.PowerApps/apps","tags":{"primaryDeviceWidth":"640","primaryDeviceHeight":"640","sienaVersion":"20210915T032917Z-3.21085.24.0","deviceCapabilities":"","supportsPortrait":"true","supportsLandscape":"true","primaryFormFactor":"Phone","publisherVersion":"3.21085.24","minimumRequiredApiVersion":"2.2.0","hasComponent":"true","hasUnlockedComponent":"true","isUnifiedRootApp":"false"},"properties":{"appVersion":"2021-09-15T03:29:17Z","lifeCycleId":"Published","createdByClientVersion":{"major":3,"minor":21085,"build":24,"revision":0,"majorRevision":0,"minorRevision":0},"minClientVersion":{"major":3,"minor":21085,"build":24,"revision":0,"majorRevision":0,"minorRevision":0},"backgroundColor":"rgba(0, 176, 240, 1)","backgroundImageUri":"/14767346034294615484/N71b01281-82b5-4e6d-a3e8-b6422c70259d-logoSmallFile","displayName":"AnalogClock","description":"","commitMessage":"","appUris":{"documentUri":{"value":"/14767346034294615484/Na27b8d28-d331-4870-80b3-6815f58691e6-document.msapp"},"imageUris":[]},"createdTime":"0001-01-01T00:00:00Z","lastModifiedTime":"0001-01-01T00:00:00Z","sharedGroupsCount":0,"sharedUsersCount":0,"icons":{"smallIconUri":"/14767346034294615484/N171fe828-3d00-46d8-8d5b-918a4a054048-small.png","mediumIconUri":"/14767346034294615484/N7fbb52ea-6309-4866-8d68-f66c346b1048-medium.png","largeIconUri":"/14767346034294615484/Nafaacb23-dab1-4a56-a678-29e82a840667-large.png","wideIconUri":"/14767346034294615484/Neb0bf4d1-c4af-416f-a399-fb2118a76272-wide.png"},"connectionReferences":{},"databaseReferences":{},"almMode":"Solution","performanceOptimizationEnabled":true,"canConsumeAppPass":true,"executionRestrictions":{"isTeamsOnly":false,"dataLossPreventionEvaluationResult":{"status":"Compliant","lastEvaluationDate":"2021-09-14T07:49:23.053789Z","violations":[],"violationsByPolicy":[],"violationErrorMessage":"このアプリでは、次のコネクタが使用されます: 。"}}},"appType":"ClassicCanvasApp","appComponents":[]}}