{"schemaVersion":"1.0","appDefinitionTemplate":{"id":"/providers/Microsoft.PowerApps/apps/","type":"Microsoft.PowerApps/apps","tags":{"primaryDeviceWidth":"640","primaryDeviceHeight":"1136","sienaVersion":"20210914T213939Z-3.21085.24.0","deviceCapabilities":"","supportsPortrait":"true","supportsLandscape":"true","primaryFormFactor":"Phone","publisherVersion":"3.21085.24","minimumRequiredApiVersion":"2.2.0","hasComponent":"true","hasUnlockedComponent":"true","isUnifiedRootApp":"false"},"properties":{"appVersion":"2021-09-14T21:39:39Z","lifeCycleId":"Published","createdByClientVersion":{"major":3,"minor":21085,"build":24,"revision":0,"majorRevision":0,"minorRevision":0},"minClientVersion":{"major":3,"minor":21085,"build":24,"revision":0,"majorRevision":0,"minorRevision":0},"backgroundColor":"rgba(0, 176, 240, 1)","backgroundImageUri":"/14767346034294615484/Nb714f170-6dbe-486c-8b44-4c6de27c7279-logoSmallFile","displayName":"AnalogClock","description":"","commitMessage":"","appUris":{"documentUri":{"value":"/14767346034294615484/N73f80d7f-56f2-47c7-92d9-e45f0e3dec9b-document.msapp"},"imageUris":[]},"createdTime":"0001-01-01T00:00:00Z","lastModifiedTime":"0001-01-01T00:00:00Z","sharedGroupsCount":0,"sharedUsersCount":0,"icons":{"smallIconUri":"/14767346034294615484/Nb5753969-b09c-4998-8925-67a1e8a2e723-small.png","mediumIconUri":"/14767346034294615484/N86e02489-774d-40ba-86ac-a9ec96aed2e3-medium.png","largeIconUri":"/14767346034294615484/N53187fe8-2a86-4f9d-a8e1-1b59924d2ce1-large.png","wideIconUri":"/14767346034294615484/N7baf1a24-f2a0-4813-b578-186f332580f6-wide.png"},"connectionReferences":{},"databaseReferences":{},"almMode":"Solution","performanceOptimizationEnabled":true,"canConsumeAppPass":true,"executionRestrictions":{"isTeamsOnly":false,"dataLossPreventionEvaluationResult":{"status":"Compliant","lastEvaluationDate":"2021-09-14T07:49:23.053789Z","violations":[],"violationsByPolicy":[],"violationErrorMessage":"このアプリでは、次のコネクタが使用されます: 。"}}},"appType":"ClassicCanvasApp","appComponents":[]}}