<environmentvariabledefinition schemaname="ya_AppIdMyApp">
  <defaultvalue>APPID</defaultvalue>
  <description default="MyAppのアプリID">
    <label description="MyAppのアプリID" languagecode="1041" />
  </description>
  <displayname default="AppIdMyApp">
    <label description="AppIdMyApp" languagecode="1041" />
  </displayname>
  <introducedversion>1.0.0.0</introducedversion>
  <iscustomizable>1</iscustomizable>
  <isrequired>0</isrequired>
  <type>100000000</type>
</environmentvariabledefinition>